timestamp,country,city,latitude,longitude,visit_count
2023-07-15T15:52:55Z,USA,Chicago,41.8781,-87.6298,44
2023-05-18T09:59:14Z,Japan,Sapporo,43.0621,141.3545,77
2023-08-21T05:51:29Z,Germany,Hamburg,53.5511,9.9937,66
2023-08-26T12:59:39Z,India,Mumbai,19.076,72.8777,46
2023-11-17T01:25:51Z,Russia,Saint Petersburg,59.9343,30.3351,36
2023-01-23T01:57:13Z,Japan,Tokyo,35.6895,139.6917,29
2023-07-17T22:32:14Z,Japan,Osaka,34.6937,135.5022,98
2023-06-04T04:29:01Z,South Africa,Pretoria,-25.7479,28.2293,42
2023-09-01T01:43:20Z,USA,Houston,29.7604,-95.3698,37
2023-10-19T18:15:51Z,USA,Phoenix,33.4484,-112.074,31
2023-07-05T18:04:05Z,South Africa,Durban,-29.8587,31.0218,50
2023-04-23T09:32:53Z,UK,Birmingham,52.4862,-1.8904,48
2023-08-09T23:32:06Z,France,Marseille,43.2965,5.3698,47
2023-03-19T22:29:55Z,Brazil,Salvador,-12.9714,-38.5014,27
2023-06-11T04:53:49Z,India,Mumbai,19.076,72.8777,18
2023-01-25T13:55:08Z,Japan,Sapporo,43.0621,141.3545,78
2023-04-29T17:19:11Z,South Africa,Durban,-29.8587,31.0218,91
2023-10-02T17:05:12Z,Australia,Perth,-31.9505,115.8575,72
2023-02-28T13:45:11Z,Brazil,Rio de Janeiro,-22.9068,-43.1729,65
2023-11-30T20:30:29Z,USA,Houston,29.7604,-95.3698,97
2023-08-27T16:35:58Z,USA,Phoenix,33.4484,-112.074,36
2023-11-14T15:45:55Z,Germany,Hamburg,53.5511,9.9937,71
2023-12-01T12:11:13Z,Russia,Saint Petersburg,59.9343,30.3351,13
2023-05-07T23:48:07Z,India,Delhi,28.7041,77.1025,26
2023-05-10T21:51:02Z,Australia,Melbourne,-37.8136,144.9631,100
2023-05-30T13:19:30Z,Australia,Adelaide,-34.9285,138.6007,28
2023-02-21T20:56:35Z,Germany,Berlin,52.52,13.405,95
2023-09-03T17:36:36Z,India,Hyderabad,17.385,78.4867,32
2023-08-13T02:23:52Z,UK,Leeds,53.8008,-1.5491,19
2023-11-03T14:29:10Z,Japan,Osaka,34.6937,135.5022,44
2023-12-12T11:50:04Z,Russia,Yekaterinburg,56.8389,60.6122,78
2023-01-23T18:20:05Z,USA,New York,40.7128,-74.006,80
2023-09-22T03:22:30Z,Australia,Sydney,-33.8688,151.2093,40
2023-12-20T12:48:27Z,Russia,Novosibirsk,55.0084,82.9204,58
2023-04-10T22:34:49Z,Canada,Montreal,45.5017,-73.5673,31
2023-04-08T04:04:53Z,Japan,Sapporo,43.0621,141.3545,99
2023-05-25T16:32:46Z,UK,Birmingham,52.4862,-1.8904,66
2023-12-11T18:53:49Z,Russia,Saint Petersburg,59.9343,30.3351,35
2023-02-12T04:52:41Z,South Africa,Port Elizabeth,-33.9608,25.6022,54
2023-08-24T05:55:37Z,Australia,Melbourne,-37.8136,144.9631,43
2023-07-08T17:26:32Z,India,Delhi,28.7041,77.1025,3
2023-10-16T16:33:23Z,Germany,Cologne,50.9375,6.9603,58
2023-06-28T21:06:47Z,Japan,Sapporo,43.0621,141.3545,12
2023-12-08T14:50:48Z,France,Marseille,43.2965,5.3698,94
2023-10-16T03:00:17Z,Canada,Toronto,43.6532,-79.3832,33
2023-08-13T18:36:42Z,South Africa,Port Elizabeth,-33.9608,25.6022,8
2023-04-15T02:29:10Z,Canada,Toronto,43.6532,-79.3832,49
2023-02-03T00:46:42Z,Germany,Munich,48.1351,11.582,65
2023-02-23T17:07:37Z,Germany,Hamburg,53.5511,9.9937,88
2023-12-25T15:00:28Z,Canada,Ottawa,45.4215,-75.6972,34
2023-04-08T21:28:30Z,Australia,Sydney,-33.8688,151.2093,90
2023-10-11T19:34:05Z,Brazil,Fortaleza,-3.7172,-38.5267,85
2023-11-24T20:46:37Z,Brazil,Salvador,-12.9714,-38.5014,74
2023-12-15T04:49:36Z,Australia,Melbourne,-37.8136,144.9631,2
2023-02-17T22:17:17Z,India,Delhi,28.7041,77.1025,88
2023-08-10T19:52:57Z,South Africa,Durban,-29.8587,31.0218,13
2023-03-27T07:08:54Z,Canada,Vancouver,49.2827,-123.1216,20
2023-03-23T00:48:15Z,South Africa,Port Elizabeth,-33.9608,25.6022,81
2023-04-10T05:36:12Z,South Africa,Durban,-29.8587,31.0218,27
2023-08-27T21:21:19Z,Japan,Nagoya,35.1815,136.9066,67
2023-12-03T00:21:03Z,UK,Glasgow,55.8642,-4.2518,61
2023-08-28T00:54:11Z,Australia,Sydney,-33.8688,151.2093,86
2023-09-06T12:25:21Z,UK,London,51.5074,-0.1276,51
2023-08-05T09:32:20Z,France,Marseille,43.2965,5.3698,92
2023-06-02T03:51:33Z,UK,Leeds,53.8008,-1.5491,9
2023-10-20T11:35:55Z,Canada,Montreal,45.5017,-73.5673,92
2023-08-23T14:55:26Z,USA,Chicago,41.8781,-87.6298,72
2023-05-14T14:47:41Z,India,Chennai,13.0827,80.2707,45
2023-05-04T03:53:31Z,UK,Leeds,53.8008,-1.5491,33
2023-12-20T17:25:16Z,India,Mumbai,19.076,72.8777,100
2023-03-02T07:12:29Z,Canada,Toronto,43.6532,-79.3832,32
2023-10-26T12:04:48Z,UK,Glasgow,55.8642,-4.2518,52
2023-12-14T09:46:51Z,Russia,Yekaterinburg,56.8389,60.6122,11
2023-05-06T19:19:18Z,Canada,Ottawa,45.4215,-75.6972,33
2023-01-17T23:11:58Z,USA,Phoenix,33.4484,-112.074,52
2023-05-31T07:37:43Z,South Africa,Durban,-29.8587,31.0218,75
2023-04-01T23:11:42Z,USA,Houston,29.7604,-95.3698,45
2023-07-24T01:59:14Z,Germany,Hamburg,53.5511,9.9937,41
2023-01-04T10:27:27Z,Brazil,Fortaleza,-3.7172,-38.5267,47
2023-10-20T16:28:02Z,Brazil,Fortaleza,-3.7172,-38.5267,73
2023-06-01T15:29:06Z,South Africa,Port Elizabeth,-33.9608,25.6022,70
2023-12-14T07:59:15Z,UK,London,51.5074,-0.1276,46
2023-06-07T21:11:29Z,Canada,Ottawa,45.4215,-75.6972,56
2023-11-24T00:42:49Z,France,Lyon,45.764,4.8357,16
2023-12-29T20:11:15Z,Russia,Saint Petersburg,59.9343,30.3351,93
2023-05-11T18:23:51Z,Germany,Cologne,50.9375,6.9603,89
2023-04-16T15:44:36Z,USA,Phoenix,33.4484,-112.074,16
2023-08-22T15:20:47Z,UK,Manchester,53.4808,-2.2426,25
2023-12-03T10:50:08Z,USA,Houston,29.7604,-95.3698,9
2023-12-06T23:18:05Z,Russia,Saint Petersburg,59.9343,30.3351,13
2023-09-13T21:14:33Z,Canada,Toronto,43.6532,-79.3832,51
2023-06-21T22:13:04Z,Australia,Brisbane,-27.4698,153.0251,55
2023-12-11T10:29:39Z,France,Lyon,45.764,4.8357,36
2023-09-28T10:34:48Z,Canada,Vancouver,49.2827,-123.1216,94
2023-08-28T10:44:14Z,USA,Houston,29.7604,-95.3698,12
2023-11-29T22:46:03Z,Brazil,Salvador,-12.9714,-38.5014,67
2023-09-23T07:05:01Z,Japan,Nagoya,35.1815,136.9066,26
2023-02-07T13:14:59Z,Japan,Sapporo,43.0621,141.3545,72
2023-04-12T07:35:35Z,Canada,Vancouver,49.2827,-123.1216,33
2023-09-15T20:50:03Z,Brazil,Brasilia,-15.7801,-47.9292,34
2023-12-04T18:47:41Z,India,Chennai,13.0827,80.2707,5
2023-06-19T20:17:05Z,Germany,Munich,48.1351,11.582,17
2023-03-12T20:28:05Z,South Africa,Port Elizabeth,-33.9608,25.6022,54
2023-05-08T12:47:37Z,Australia,Brisbane,-27.4698,153.0251,33
2023-08-15T09:11:02Z,Canada,Ottawa,45.4215,-75.6972,73
2023-07-25T12:48:05Z,USA,Houston,29.7604,-95.3698,72
2023-04-27T12:11:11Z,USA,Phoenix,33.4484,-112.074,96
2023-02-26T09:59:41Z,UK,Leeds,53.8008,-1.5491,56
2023-09-11T21:29:15Z,South Africa,Pretoria,-25.7479,28.2293,58
2023-12-24T04:31:09Z,Russia,Moscow,55.7558,37.6173,42
2023-10-16T05:38:34Z,USA,Chicago,41.8781,-87.6298,31
2023-07-11T01:35:52Z,India,Delhi,28.7041,77.1025,90
2023-03-02T00:35:39Z,Australia,Adelaide,-34.9285,138.6007,3
2023-06-26T00:01:25Z,France,Marseille,43.2965,5.3698,53
2023-09-15T13:12:37Z,Germany,Munich,48.1351,11.582,87
2023-01-28T13:42:02Z,India,Chennai,13.0827,80.2707,2
2023-09-11T17:40:50Z,India,Chennai,13.0827,80.2707,2
2023-02-15T00:44:58Z,Japan,Osaka,34.6937,135.5022,76
2023-02-24T20:59:27Z,Australia,Perth,-31.9505,115.8575,14
2023-08-12T02:56:37Z,Canada,Ottawa,45.4215,-75.6972,6
2023-04-11T12:14:31Z,UK,Manchester,53.4808,-2.2426,81
2023-03-30T17:16:21Z,USA,New York,40.7128,-74.006,66
2023-06-14T02:22:07Z,Canada,Toronto,43.6532,-79.3832,6
2023-12-16T04:23:59Z,Russia,Kazan,55.8304,49.1221,37
2023-10-30T03:01:58Z,India,Hyderabad,17.385,78.4867,82
2023-10-17T11:08:00Z,Australia,Brisbane,-27.4698,153.0251,78
2023-06-06T12:50:20Z,Japan,Osaka,34.6937,135.5022,73
2023-09-01T11:10:33Z,India,Chennai,13.0827,80.2707,51
2023-09-22T00:06:32Z,Canada,Toronto,43.6532,-79.3832,70
2023-02-04T06:12:48Z,Brazil,Fortaleza,-3.7172,-38.5267,19
2023-01-31T21:07:56Z,France,Paris,48.8566,2.3522,21
2023-03-09T18:28:18Z,Canada,Calgary,51.0447,-114.0719,95
2023-02-02T17:35:50Z,UK,Manchester,53.4808,-2.2426,53
2023-06-19T19:15:09Z,Brazil,Salvador,-12.9714,-38.5014,54
2023-11-03T10:14:07Z,Australia,Melbourne,-37.8136,144.9631,93
2023-05-24T11:17:27Z,South Africa,Port Elizabeth,-33.9608,25.6022,18
2023-06-21T15:43:21Z,Australia,Sydney,-33.8688,151.2093,57
2023-02-17T03:33:05Z,France,Marseille,43.2965,5.3698,47
2023-11-07T08:45:14Z,Russia,Yekaterinburg,56.8389,60.6122,38
2023-11-15T05:59:14Z,Canada,Ottawa,45.4215,-75.6972,13
2023-03-07T21:01:01Z,Japan,Tokyo,35.6895,139.6917,35
2023-01-31T22:39:51Z,Brazil,Salvador,-12.9714,-38.5014,99
2023-04-09T13:49:15Z,India,Delhi,28.7041,77.1025,96
2023-02-24T23:35:59Z,India,Bangalore,12.9716,77.5946,89
2023-07-22T17:14:25Z,South Africa,Port Elizabeth,-33.9608,25.6022,53
2023-12-18T02:29:30Z,Germany,Cologne,50.9375,6.9603,18
2023-12-02T06:52:50Z,South Africa,Pretoria,-25.7479,28.2293,80
2023-08-25T09:31:46Z,UK,London,51.5074,-0.1276,86
2023-11-15T13:45:02Z,Brazil,Fortaleza,-3.7172,-38.5267,43
2023-02-06T23:47:20Z,USA,New York,40.7128,-74.006,54
2023-10-26T18:59:18Z,Australia,Perth,-31.9505,115.8575,32
2023-12-08T19:26:22Z,India,Mumbai,19.076,72.8777,53
2023-03-31T02:26:11Z,India,Mumbai,19.076,72.8777,73
2023-01-06T18:47:34Z,Canada,Vancouver,49.2827,-123.1216,37
2023-08-28T19:00:26Z,South Africa,Johannesburg,-26.2041,28.0473,77
2023-02-06T23:19:50Z,France,Marseille,43.2965,5.3698,43
2023-08-27T05:53:19Z,Brazil,Fortaleza,-3.7172,-38.5267,27
2023-07-20T22:00:36Z,India,Mumbai,19.076,72.8777,7
2023-06-20T15:17:47Z,South Africa,Pretoria,-25.7479,28.2293,22
2023-04-03T13:09:40Z,Germany,Cologne,50.9375,6.9603,31
2023-01-25T18:52:28Z,France,Toulouse,43.6047,1.4442,86
2023-07-07T15:14:04Z,Japan,Sapporo,43.0621,141.3545,6
2023-01-13T22:47:46Z,USA,New York,40.7128,-74.006,7
2023-08-19T13:46:27Z,Australia,Melbourne,-37.8136,144.9631,45
2023-06-17T12:31:18Z,South Africa,Durban,-29.8587,31.0218,11
2023-09-20T13:27:18Z,Japan,Fukuoka,33.5904,130.4017,88
2023-12-07T11:57:59Z,Russia,Moscow,55.7558,37.6173,33
2023-01-29T12:20:44Z,India,Bangalore,12.9716,77.5946,88
2023-12-13T17:08:04Z,Canada,Calgary,51.0447,-114.0719,99
2023-12-17T03:33:15Z,Russia,Moscow,55.7558,37.6173,60
2023-10-20T18:09:47Z,South Africa,Durban,-29.8587,31.0218,96
2023-12-11T02:26:09Z,Russia,Saint Petersburg,59.9343,30.3351,50
2023-01-26T08:02:22Z,Canada,Toronto,43.6532,-79.3832,90
2023-07-02T01:05:15Z,France,Marseille,43.2965,5.3698,99
2023-06-01T08:09:51Z,Germany,Munich,48.1351,11.582,24
2023-03-21T08:14:44Z,Japan,Sapporo,43.0621,141.3545,97
2023-11-28T12:04:11Z,Russia,Saint Petersburg,59.9343,30.3351,54
2023-12-31T15:08:12Z,Russia,Moscow,55.7558,37.6173,11
2023-11-19T12:15:09Z,Germany,Berlin,52.52,13.405,57
2023-05-04T09:20:54Z,South Africa,Pretoria,-25.7479,28.2293,40
2023-10-04T20:27:30Z,Germany,Munich,48.1351,11.582,80
2023-12-15T11:09:08Z,Canada,Ottawa,45.4215,-75.6972,56
2023-08-19T10:09:56Z,Brazil,Fortaleza,-3.7172,-38.5267,77
2023-11-16T04:06:06Z,South Africa,Cape Town,-33.9249,18.4241,45
2023-11-25T21:32:24Z,Brazil,Sao Paulo,-23.5505,-46.6333,35
2023-02-19T07:52:16Z,UK,London,51.5074,-0.1276,43
2023-03-22T02:31:31Z,India,Mumbai,19.076,72.8777,32
2023-09-11T14:49:25Z,France,Nice,43.7102,7.2619,71
2023-01-13T23:43:49Z,Canada,Calgary,51.0447,-114.0719,2
2023-09-29T02:13:36Z,Brazil,Salvador,-12.9714,-38.5014,10
2023-06-17T22:27:55Z,USA,New York,40.7128,-74.006,28
2023-12-06T10:32:22Z,Canada,Ottawa,45.4215,-75.6972,27
2023-06-29T08:54:43Z,South Africa,Pretoria,-25.7479,28.2293,57
2023-11-03T09:07:26Z,Russia,Saint Petersburg,59.9343,30.3351,95
2023-04-20T13:01:39Z,Canada,Ottawa,45.4215,-75.6972,34
2023-07-28T01:14:10Z,Japan,Tokyo,35.6895,139.6917,9
2023-11-13T21:09:12Z,Russia,Kazan,55.8304,49.1221,66
2023-05-03T18:54:07Z,South Africa,Johannesburg,-26.2041,28.0473,49
2023-12-13T09:05:23Z,Russia,Novosibirsk,55.0084,82.9204,4
2023-07-23T04:18:42Z,USA,Los Angeles,34.0522,-118.2437,95
2023-09-25T04:40:28Z,Germany,Berlin,52.52,13.405,18
2023-08-01T14:05:17Z,Canada,Toronto,43.6532,-79.3832,55
2023-06-16T05:03:53Z,India,Mumbai,19.076,72.8777,69
2023-11-17T22:25:42Z,India,Delhi,28.7041,77.1025,15
2023-12-13T22:25:56Z,Germany,Cologne,50.9375,6.9603,13
2023-07-15T18:10:14Z,USA,Los Angeles,34.0522,-118.2437,35
2023-02-09T14:22:32Z,Japan,Sapporo,43.0621,141.3545,88
2023-03-26T05:59:15Z,USA,Los Angeles,34.0522,-118.2437,59
2023-05-21T18:52:57Z,South Africa,Durban,-29.8587,31.0218,65
2023-04-28T02:31:44Z,Canada,Vancouver,49.2827,-123.1216,38
2023-10-15T10:06:12Z,South Africa,Pretoria,-25.7479,28.2293,64
2023-04-11T15:33:11Z,Brazil,Fortaleza,-3.7172,-38.5267,70
2023-05-29T06:19:03Z,USA,Chicago,41.8781,-87.6298,40
2023-09-22T18:32:51Z,Germany,Hamburg,53.5511,9.9937,52
2023-11-24T23:04:23Z,Russia,Moscow,55.7558,37.6173,2
2023-02-26T12:02:59Z,Brazil,Sao Paulo,-23.5505,-46.6333,68
2023-06-04T03:10:09Z,Brazil,Rio de Janeiro,-22.9068,-43.1729,46
2023-07-24T10:13:06Z,UK,Glasgow,55.8642,-4.2518,16
2023-02-19T22:07:40Z,Brazil,Fortaleza,-3.7172,-38.5267,18
2023-09-27T22:36:08Z,Brazil,Fortaleza,-3.7172,-38.5267,80
2023-02-24T12:29:52Z,South Africa,Johannesburg,-26.2041,28.0473,17
2023-04-28T23:15:29Z,UK,Birmingham,52.4862,-1.8904,73
2023-11-29T22:00:32Z,Russia,Yekaterinburg,56.8389,60.6122,40
2023-11-22T12:18:16Z,Russia,Kazan,55.8304,49.1221,90
2023-03-02T09:18:39Z,India,Mumbai,19.076,72.8777,77
2023-03-29T18:57:20Z,India,Chennai,13.0827,80.2707,88
2023-06-24T13:57:29Z,Brazil,Fortaleza,-3.7172,-38.5267,44
2023-04-05T01:32:46Z,Germany,Hamburg,53.5511,9.9937,34
2023-01-09T02:20:18Z,UK,Leeds,53.8008,-1.5491,83
2023-01-11T04:51:23Z,France,Nice,43.7102,7.2619,36
2023-10-18T18:59:46Z,Australia,Perth,-31.9505,115.8575,74
2023-10-29T22:08:55Z,USA,Houston,29.7604,-95.3698,94
2023-07-04T08:27:34Z,India,Bangalore,12.9716,77.5946,10
2023-12-03T08:24:50Z,Brazil,Brasilia,-15.7801,-47.9292,73
2023-11-02T06:07:43Z,UK,London,51.5074,-0.1276,29
2023-05-08T06:43:35Z,Brazil,Salvador,-12.9714,-38.5014,89
2023-04-25T23:15:38Z,Australia,Perth,-31.9505,115.8575,86
2023-05-08T07:27:40Z,France,Paris,48.8566,2.3522,83
2023-05-30T09:06:24Z,USA,Chicago,41.8781,-87.6298,92
2023-05-22T09:20:17Z,Brazil,Salvador,-12.9714,-38.5014,24
2023-11-02T01:58:52Z,Russia,Novosibirsk,55.0084,82.9204,28
2023-12-02T17:34:25Z,Russia,Yekaterinburg,56.8389,60.6122,11
2023-06-07T19:25:19Z,UK,London,51.5074,-0.1276,88
2023-10-21T08:04:40Z,Japan,Sapporo,43.0621,141.3545,93
2023-05-12T04:06:02Z,Brazil,Salvador,-12.9714,-38.5014,91
2023-07-14T16:49:20Z,Australia,Perth,-31.9505,115.8575,17
2023-11-17T15:51:39Z,Russia,Yekaterinburg,56.8389,60.6122,14
2023-01-26T20:49:16Z,Canada,Montreal,45.5017,-73.5673,45
2023-06-20T06:59:33Z,Brazil,Sao Paulo,-23.5505,-46.6333,10
2023-04-21T19:42:47Z,India,Hyderabad,17.385,78.4867,17
2023-02-01T04:14:00Z,Japan,Sapporo,43.0621,141.3545,16
2023-04-23T10:04:41Z,Germany,Cologne,50.9375,6.9603,4
2023-11-16T16:17:28Z,Japan,Nagoya,35.1815,136.9066,91
2023-11-19T10:05:46Z,India,Chennai,13.0827,80.2707,82
2023-09-25T08:57:50Z,India,Mumbai,19.076,72.8777,62
2023-07-20T13:02:38Z,South Africa,Durban,-29.8587,31.0218,55
2023-01-21T21:48:13Z,France,Lyon,45.764,4.8357,29
2023-11-23T23:57:36Z,Canada,Toronto,43.6532,-79.3832,46
2023-01-04T23:26:45Z,India,Chennai,13.0827,80.2707,53
2023-02-04T13:12:38Z,South Africa,Cape Town,-33.9249,18.4241,74
2023-12-05T20:00:28Z,USA,New York,40.7128,-74.006,7
2023-12-21T10:47:27Z,Canada,Toronto,43.6532,-79.3832,37
2023-06-02T17:18:01Z,South Africa,Cape Town,-33.9249,18.4241,11
2023-04-06T18:44:30Z,Germany,Frankfurt,50.1109,8.6821,92
2023-03-22T01:39:47Z,South Africa,Johannesburg,-26.2041,28.0473,69
2023-06-03T18:37:38Z,Japan,Osaka,34.6937,135.5022,34
2023-07-29T05:09:48Z,Australia,Perth,-31.9505,115.8575,99
2023-06-08T02:55:25Z,India,Hyderabad,17.385,78.4867,14
2023-09-12T13:59:32Z,UK,Leeds,53.8008,-1.5491,4
2023-11-01T05:15:11Z,India,Hyderabad,17.385,78.4867,19
2023-06-22T10:59:56Z,Germany,Munich,48.1351,11.582,46
2023-06-19T23:29:05Z,USA,New York,40.7128,-74.006,94
2023-02-03T01:28:12Z,USA,Chicago,41.8781,-87.6298,61
2023-01-16T13:58:29Z,Canada,Calgary,51.0447,-114.0719,4
2023-06-27T17:54:48Z,Germany,Hamburg,53.5511,9.9937,70
2023-10-25T05:36:57Z,South Africa,Durban,-29.8587,31.0218,77
2023-11-16T21:49:58Z,Russia,Kazan,55.8304,49.1221,58
2023-02-07T11:43:03Z,Canada,Toronto,43.6532,-79.3832,95
2023-05-27T05:34:50Z,South Africa,Cape Town,-33.9249,18.4241,99
2023-06-07T08:32:53Z,Canada,Montreal,45.5017,-73.5673,29
2023-04-20T18:58:40Z,Brazil,Salvador,-12.9714,-38.5014,94
2023-03-17T14:59:01Z,Brazil,Salvador,-12.9714,-38.5014,90
2023-06-26T22:59:03Z,Japan,Nagoya,35.1815,136.9066,12
2023-10-11T08:27:40Z,Germany,Cologne,50.9375,6.9603,55
2023-08-13T09:37:50Z,Canada,Toronto,43.6532,-79.3832,64
2023-07-22T22:06:24Z,India,Bangalore,12.9716,77.5946,6
2023-04-04T17:24:13Z,India,Hyderabad,17.385,78.4867,78
2023-12-07T21:49:06Z,Russia,Moscow,55.7558,37.6173,46
2023-12-06T15:56:59Z,Russia,Saint Petersburg,59.9343,30.3351,30
2023-02-11T01:28:04Z,UK,London,51.5074,-0.1276,13
2023-09-26T01:50:52Z,South Africa,Cape Town,-33.9249,18.4241,98
2023-08-17T13:48:16Z,Australia,Brisbane,-27.4698,153.0251,83
2023-03-29T18:23:27Z,France,Paris,48.8566,2.3522,17
2023-07-29T04:31:06Z,Germany,Frankfurt,50.1109,8.6821,8
2023-06-10T13:11:07Z,Australia,Adelaide,-34.9285,138.6007,36
2023-02-16T10:34:51Z,Germany,Munich,48.1351,11.582,45
2023-10-22T20:01:21Z,USA,Houston,29.7604,-95.3698,19
2023-03-26T00:56:52Z,Japan,Fukuoka,33.5904,130.4017,42
2023-03-28T11:48:00Z,Germany,Berlin,52.52,13.405,18
2023-10-04T08:05:40Z,Germany,Hamburg,53.5511,9.9937,89
2023-03-03T09:41:32Z,India,Hyderabad,17.385,78.4867,86
2023-02-24T08:23:18Z,Japan,Fukuoka,33.5904,130.4017,77
2023-11-14T00:48:34Z,Canada,Calgary,51.0447,-114.0719,65
2023-06-20T23:02:30Z,South Africa,Cape Town,-33.9249,18.4241,100
2023-06-19T16:11:08Z,France,Nice,43.7102,7.2619,7
2023-03-10T01:22:51Z,Germany,Frankfurt,50.1109,8.6821,19
2023-11-10T18:36:33Z,Australia,Brisbane,-27.4698,153.0251,95
2023-10-09T14:17:22Z,South Africa,Pretoria,-25.7479,28.2293,58
2023-09-18T11:00:00Z,India,Mumbai,19.076,72.8777,25
2023-02-04T04:12:41Z,South Africa,Port Elizabeth,-33.9608,25.6022,29
2023-01-18T01:54:16Z,Germany,Hamburg,53.5511,9.9937,68
2023-02-13T10:01:05Z,France,Marseille,43.2965,5.3698,66
2023-07-10T07:50:47Z,UK,London,51.5074,-0.1276,87
2023-02-19T03:08:11Z,USA,Houston,29.7604,-95.3698,24
2023-06-08T09:41:57Z,Canada,Montreal,45.5017,-73.5673,42
2023-07-15T02:47:50Z,Japan,Fukuoka,33.5904,130.4017,54
2023-11-02T10:45:57Z,Germany,Cologne,50.9375,6.9603,71
2023-06-24T12:35:30Z,India,Bangalore,12.9716,77.5946,80
2023-11-21T10:31:08Z,Canada,Ottawa,45.4215,-75.6972,95
2023-03-17T14:47:27Z,France,Toulouse,43.6047,1.4442,2
2023-10-28T01:05:09Z,Brazil,Fortaleza,-3.7172,-38.5267,5
2023-06-19T06:33:35Z,Brazil,Brasilia,-15.7801,-47.9292,83
2023-10-23T18:57:02Z,UK,Glasgow,55.8642,-4.2518,21
2023-08-24T11:15:56Z,Canada,Ottawa,45.4215,-75.6972,8
2023-06-16T09:30:40Z,UK,Glasgow,55.8642,-4.2518,50
2023-03-15T20:57:51Z,India,Hyderabad,17.385,78.4867,43
2023-08-08T09:59:04Z,India,Delhi,28.7041,77.1025,80
2023-11-11T06:00:45Z,Australia,Sydney,-33.8688,151.2093,17
2023-12-02T03:11:40Z,Russia,Saint Petersburg,59.9343,30.3351,88
2023-11-02T22:33:41Z,UK,Glasgow,55.8642,-4.2518,74
2023-05-01T23:00:40Z,France,Nice,43.7102,7.2619,2
2023-05-31T15:38:29Z,South Africa,Johannesburg,-26.2041,28.0473,26
2023-05-08T19:34:20Z,Japan,Sapporo,43.0621,141.3545,5
2023-12-11T07:34:52Z,Russia,Yekaterinburg,56.8389,60.6122,26
2023-02-26T03:48:06Z,Brazil,Brasilia,-15.7801,-47.9292,1
2023-08-16T14:15:15Z,France,Toulouse,43.6047,1.4442,69
2023-04-21T06:58:04Z,Germany,Cologne,50.9375,6.9603,2
2023-11-25T10:05:32Z,USA,Chicago,41.8781,-87.6298,56
2023-09-22T13:43:51Z,USA,Phoenix,33.4484,-112.074,47
2023-08-12T16:21:42Z,UK,Glasgow,55.8642,-4.2518,16
2023-12-24T04:13:09Z,Canada,Ottawa,45.4215,-75.6972,86
2023-12-16T00:56:11Z,Russia,Saint Petersburg,59.9343,30.3351,89
2023-08-04T10:23:02Z,Brazil,Rio de Janeiro,-22.9068,-43.1729,20
2023-09-23T10:02:23Z,UK,Leeds,53.8008,-1.5491,20
2023-12-20T10:23:14Z,Canada,Ottawa,45.4215,-75.6972,69
2023-01-26T21:30:58Z,India,Hyderabad,17.385,78.4867,38
2023-01-19T03:49:55Z,Brazil,Rio de Janeiro,-22.9068,-43.1729,90
2023-07-13T13:55:46Z,South Africa,Johannesburg,-26.2041,28.0473,16
2023-03-16T09:06:35Z,USA,Phoenix,33.4484,-112.074,22
2023-11-21T22:41:20Z,Australia,Sydney,-33.8688,151.2093,60
2023-05-25T21:20:45Z,France,Nice,43.7102,7.2619,99
2023-06-13T14:31:19Z,Brazil,Sao Paulo,-23.5505,-46.6333,10
2023-11-03T18:35:21Z,France,Nice,43.7102,7.2619,40
2023-11-20T02:44:15Z,Canada,Calgary,51.0447,-114.0719,32
2023-03-17T07:47:27Z,Germany,Cologne,50.9375,6.9603,56
2023-05-25T00:38:49Z,USA,Houston,29.7604,-95.3698,44
2023-05-08T05:16:43Z,South Africa,Pretoria,-25.7479,28.2293,44
2023-02-05T22:24:54Z,India,Bangalore,12.9716,77.5946,1
2023-12-01T00:23:46Z,Russia,Novosibirsk,55.0084,82.9204,73
2023-12-29T05:36:29Z,Russia,Saint Petersburg,59.9343,30.3351,39
2023-12-14T07:30:00Z,Germany,Berlin,52.52,13.405,21
2023-09-03T23:51:49Z,Australia,Adelaide,-34.9285,138.6007,80
2023-03-25T16:10:38Z,France,Paris,48.8566,2.3522,33
2023-04-16T04:34:23Z,Canada,Ottawa,45.4215,-75.6972,10
2023-10-04T05:49:53Z,Canada,Ottawa,45.4215,-75.6972,61
2023-12-08T06:15:46Z,Russia,Yekaterinburg,56.8389,60.6122,94
2023-10-13T11:55:28Z,Canada,Toronto,43.6532,-79.3832,91
2023-02-05T09:22:50Z,India,Chennai,13.0827,80.2707,56
2023-12-20T04:40:21Z,Germany,Frankfurt,50.1109,8.6821,90
2023-08-25T20:28:35Z,Canada,Toronto,43.6532,-79.3832,22
2023-11-28T11:31:35Z,Canada,Calgary,51.0447,-114.0719,56
2023-11-23T18:46:59Z,Brazil,Fortaleza,-3.7172,-38.5267,93
2023-02-10T06:20:23Z,South Africa,Cape Town,-33.9249,18.4241,100
2023-03-14T06:16:23Z,South Africa,Johannesburg,-26.2041,28.0473,74
2023-09-24T03:30:58Z,Australia,Melbourne,-37.8136,144.9631,58
2023-03-25T03:54:05Z,Australia,Sydney,-33.8688,151.2093,78
2023-01-15T23:06:23Z,South Africa,Pretoria,-25.7479,28.2293,12
2023-10-19T21:40:59Z,UK,Manchester,53.4808,-2.2426,7
2023-09-12T07:45:01Z,Australia,Perth,-31.9505,115.8575,48
2023-10-06T13:55:56Z,UK,Leeds,53.8008,-1.5491,78
2023-03-27T10:40:11Z,Australia,Sydney,-33.8688,151.2093,55
2023-04-18T12:45:10Z,Australia,Adelaide,-34.9285,138.6007,20
2023-09-12T19:06:28Z,Brazil,Salvador,-12.9714,-38.5014,83
2023-03-12T13:27:04Z,USA,Phoenix,33.4484,-112.074,84
2023-08-31T08:11:57Z,Germany,Hamburg,53.5511,9.9937,13
2023-12-16T06:00:11Z,Canada,Toronto,43.6532,-79.3832,38
2023-04-01T13:41:41Z,South Africa,Cape Town,-33.9249,18.4241,6
2023-12-26T00:09:44Z,South Africa,Cape Town,-33.9249,18.4241,71
2023-08-10T14:36:11Z,Brazil,Sao Paulo,-23.5505,-46.6333,100
2023-11-10T00:42:10Z,Russia,Yekaterinburg,56.8389,60.6122,9
2023-04-04T09:59:31Z,Australia,Perth,-31.9505,115.8575,24
2023-03-16T12:42:05Z,South Africa,Cape Town,-33.9249,18.4241,24
2023-11-11T14:29:31Z,Russia,Saint Petersburg,59.9343,30.3351,77
2023-04-07T02:58:20Z,Canada,Montreal,45.5017,-73.5673,30
2023-02-21T07:17:17Z,UK,Birmingham,52.4862,-1.8904,65
2023-01-05T06:10:27Z,Australia,Adelaide,-34.9285,138.6007,70
2023-08-23T20:09:14Z,South Africa,Johannesburg,-26.2041,28.0473,66
2023-08-17T04:22:13Z,Canada,Ottawa,45.4215,-75.6972,84
2023-10-24T05:26:53Z,South Africa,Pretoria,-25.7479,28.2293,14
2023-10-15T23:10:40Z,UK,London,51.5074,-0.1276,38
2023-12-04T20:13:54Z,Japan,Nagoya,35.1815,136.9066,31
2023-05-12T21:14:33Z,USA,Phoenix,33.4484,-112.074,26
2023-01-22T04:38:18Z,USA,Houston,29.7604,-95.3698,77
2023-08-16T04:03:03Z,Brazil,Fortaleza,-3.7172,-38.5267,82
2023-03-06T15:39:45Z,USA,Houston,29.7604,-95.3698,73
2023-03-06T06:59:34Z,South Africa,Port Elizabeth,-33.9608,25.6022,11
2023-12-10T21:54:08Z,Canada,Vancouver,49.2827,-123.1216,89
2023-12-19T10:02:42Z,Canada,Ottawa,45.4215,-75.6972,86
2023-10-26T21:57:35Z,France,Marseille,43.2965,5.3698,69
2023-11-03T11:20:13Z,Russia,Yekaterinburg,56.8389,60.6122,90
2023-10-29T15:17:51Z,USA,New York,40.7128,-74.006,98
2023-09-11T16:28:26Z,UK,Glasgow,55.8642,-4.2518,83
2023-02-17T09:24:15Z,France,Toulouse,43.6047,1.4442,91
2023-05-18T06:21:47Z,France,Toulouse,43.6047,1.4442,72
2023-04-15T11:27:53Z,Canada,Montreal,45.5017,-73.5673,41
2023-03-25T13:36:01Z,Brazil,Salvador,-12.9714,-38.5014,92
2023-08-19T23:55:13Z,Japan,Sapporo,43.0621,141.3545,93
2023-05-03T14:28:20Z,Canada,Vancouver,49.2827,-123.1216,7
2023-02-15T08:34:05Z,Germany,Munich,48.1351,11.582,74
2023-06-25T04:15:36Z,Canada,Ottawa,45.4215,-75.6972,30
2023-03-06T17:40:41Z,Brazil,Fortaleza,-3.7172,-38.5267,77
2023-02-02T15:19:15Z,UK,Manchester,53.4808,-2.2426,83
2023-11-22T01:22:24Z,South Africa,Johannesburg,-26.2041,28.0473,98
2023-05-24T13:09:15Z,India,Hyderabad,17.385,78.4867,11
2023-05-20T04:41:21Z,India,Mumbai,19.076,72.8777,9
2023-05-30T20:15:59Z,France,Paris,48.8566,2.3522,44
2023-08-09T04:54:16Z,France,Marseille,43.2965,5.3698,79
2023-06-22T10:23:35Z,France,Toulouse,43.6047,1.4442,67
2023-12-28T15:16:55Z,Russia,Yekaterinburg,56.8389,60.6122,11
2023-05-27T17:20:55Z,Brazil,Rio de Janeiro,-22.9068,-43.1729,92
2023-04-14T07:11:03Z,Canada,Ottawa,45.4215,-75.6972,48
2023-09-02T14:43:03Z,India,Chennai,13.0827,80.2707,34
2023-12-20T16:18:48Z,Russia,Saint Petersburg,59.9343,30.3351,78
2023-02-10T03:08:03Z,South Africa,Pretoria,-25.7479,28.2293,4
2023-01-02T16:13:16Z,India,Mumbai,19.076,72.8777,8
2023-05-21T04:18:36Z,Australia,Melbourne,-37.8136,144.9631,18
2023-05-24T02:11:48Z,Japan,Nagoya,35.1815,136.9066,62
2023-06-22T17:08:35Z,Germany,Munich,48.1351,11.582,61
2023-12-24T14:05:25Z,India,Mumbai,19.076,72.8777,26
2023-05-19T04:25:38Z,France,Lyon,45.764,4.8357,52
2023-06-28T09:36:01Z,Japan,Sapporo,43.0621,141.3545,66
2023-10-04T17:47:37Z,Japan,Sapporo,43.0621,141.3545,98
2023-11-30T20:50:22Z,India,Bangalore,12.9716,77.5946,94
2023-11-04T05:12:09Z,Russia,Kazan,55.8304,49.1221,43
2023-05-16T02:50:35Z,USA,Houston,29.7604,-95.3698,91
2023-11-23T01:44:36Z,Australia,Melbourne,-37.8136,144.9631,33
2023-06-23T08:08:35Z,India,Bangalore,12.9716,77.5946,74
2023-01-10T23:46:24Z,Japan,Nagoya,35.1815,136.9066,59
2023-12-27T10:20:40Z,Russia,Novosibirsk,55.0084,82.9204,64
2023-10-13T17:42:44Z,Brazil,Salvador,-12.9714,-38.5014,22
2023-11-01T05:30:13Z,Russia,Yekaterinburg,56.8389,60.6122,88
2023-08-13T12:27:38Z,India,Bangalore,12.9716,77.5946,41
2023-12-01T08:12:00Z,Russia,Moscow,55.7558,37.6173,57
2023-11-16T17:54:26Z,Germany,Frankfurt,50.1109,8.6821,45
2023-11-04T20:00:17Z,Canada,Montreal,45.5017,-73.5673,70
2023-06-19T21:07:55Z,Canada,Ottawa,45.4215,-75.6972,93
2023-11-14T23:22:46Z,Russia,Novosibirsk,55.0084,82.9204,51
2023-10-05T16:37:40Z,South Africa,Durban,-29.8587,31.0218,15
2023-06-21T10:59:35Z,Canada,Vancouver,49.2827,-123.1216,82
2023-03-23T20:24:02Z,Brazil,Rio de Janeiro,-22.9068,-43.1729,10
2023-11-17T18:33:10Z,Canada,Ottawa,45.4215,-75.6972,55
2023-11-11T21:29:59Z,India,Chennai,13.0827,80.2707,31
2023-03-15T18:37:51Z,South Africa,Pretoria,-25.7479,28.2293,27
2023-02-13T15:02:17Z,Brazil,Fortaleza,-3.7172,-38.5267,98
2023-07-14T05:02:53Z,UK,Birmingham,52.4862,-1.8904,37
2023-12-10T08:55:54Z,India,Chennai,13.0827,80.2707,5
2023-12-03T15:38:09Z,Russia,Kazan,55.8304,49.1221,41
2023-08-14T23:07:44Z,France,Nice,43.7102,7.2619,85
2023-07-08T10:10:13Z,France,Toulouse,43.6047,1.4442,56
2023-06-29T08:40:54Z,Brazil,Fortaleza,-3.7172,-38.5267,26
2023-10-18T04:37:37Z,South Africa,Pretoria,-25.7479,28.2293,86
2023-09-26T05:50:01Z,France,Toulouse,43.6047,1.4442,75
2023-08-15T07:43:57Z,Germany,Frankfurt,50.1109,8.6821,80
2023-08-06T10:07:20Z,France,Lyon,45.764,4.8357,82
2023-11-19T22:27:23Z,Russia,Kazan,55.8304,49.1221,94
2023-07-14T15:51:33Z,Germany,Cologne,50.9375,6.9603,64
2023-10-05T00:39:24Z,France,Lyon,45.764,4.8357,8
2023-11-03T09:18:22Z,Japan,Sapporo,43.0621,141.3545,32
2023-04-09T18:30:07Z,Canada,Toronto,43.6532,-79.3832,54
2023-08-12T19:49:40Z,Japan,Tokyo,35.6895,139.6917,43
2023-09-04T10:49:14Z,Australia,Sydney,-33.8688,151.2093,3
2023-06-27T20:57:46Z,South Africa,Johannesburg,-26.2041,28.0473,1
2023-03-08T20:50:36Z,South Africa,Port Elizabeth,-33.9608,25.6022,38
2023-09-20T23:59:04Z,Germany,Berlin,52.52,13.405,39
2023-02-11T01:51:33Z,Canada,Montreal,45.5017,-73.5673,85
2023-01-26T06:53:13Z,USA,New York,40.7128,-74.006,60
2023-05-27T19:59:33Z,UK,Leeds,53.8008,-1.5491,81
2023-01-15T21:52:00Z,South Africa,Pretoria,-25.7479,28.2293,41
2023-11-24T17:11:29Z,Russia,Saint Petersburg,59.9343,30.3351,34
2023-02-24T14:21:12Z,Australia,Brisbane,-27.4698,153.0251,65
2023-03-07T17:02:22Z,France,Marseille,43.2965,5.3698,24
2023-12-16T12:28:48Z,Russia,Yekaterinburg,56.8389,60.6122,5
2023-06-24T15:03:31Z,South Africa,Cape Town,-33.9249,18.4241,19
2023-12-11T18:32:10Z,Germany,Berlin,52.52,13.405,100
2023-05-12T01:18:27Z,France,Nice,43.7102,7.2619,26
2023-06-28T15:48:22Z,Japan,Sapporo,43.0621,141.3545,49
2023-03-14T14:39:18Z,UK,London,51.5074,-0.1276,73
2023-03-25T06:16:39Z,Australia,Perth,-31.9505,115.8575,23
2023-03-31T05:32:14Z,Japan,Tokyo,35.6895,139.6917,96
2023-01-21T07:46:02Z,UK,Manchester,53.4808,-2.2426,1
2023-06-04T08:46:44Z,Australia,Adelaide,-34.9285,138.6007,45
2023-08-18T02:04:32Z,Japan,Fukuoka,33.5904,130.4017,12
2023-05-15T23:11:29Z,France,Toulouse,43.6047,1.4442,68
2023-10-20T04:28:26Z,Canada,Montreal,45.5017,-73.5673,36
2023-10-06T09:05:11Z,South Africa,Johannesburg,-26.2041,28.0473,13
2023-09-09T14:29:39Z,India,Delhi,28.7041,77.1025,36
2023-12-10T03:59:54Z,Russia,Novosibirsk,55.0084,82.9204,62
2023-01-22T14:20:17Z,Japan,Tokyo,35.6895,139.6917,32
2023-12-02T01:11:53Z,Russia,Saint Petersburg,59.9343,30.3351,42
2023-11-18T22:18:57Z,South Africa,Port Elizabeth,-33.9608,25.6022,11
2023-11-13T15:09:48Z,Russia,Saint Petersburg,59.9343,30.3351,64
2023-05-18T15:56:33Z,USA,Chicago,41.8781,-87.6298,26
2023-03-07T14:56:10Z,Brazil,Rio de Janeiro,-22.9068,-43.1729,70
2023-01-20T18:32:04Z,Canada,Ottawa,45.4215,-75.6972,80
2023-09-26T21:48:22Z,Canada,Calgary,51.0447,-114.0719,32
2023-06-07T06:15:06Z,Canada,Toronto,43.6532,-79.3832,92
2023-02-03T20:29:36Z,Germany,Berlin,52.52,13.405,97
2023-07-25T05:37:12Z,Germany,Munich,48.1351,11.582,47
2023-12-18T09:47:43Z,Russia,Novosibirsk,55.0084,82.9204,37
2023-05-31T13:39:48Z,UK,Manchester,53.4808,-2.2426,58
2023-02-01T03:53:58Z,Canada,Vancouver,49.2827,-123.1216,90
2023-08-08T23:48:13Z,Brazil,Salvador,-12.9714,-38.5014,82
2023-05-28T16:10:30Z,Germany,Hamburg,53.5511,9.9937,82
2023-11-27T13:51:58Z,Russia,Novosibirsk,55.0084,82.9204,34
2023-06-06T01:08:18Z,Canada,Toronto,43.6532,-79.3832,89
2023-09-17T17:11:36Z,Germany,Berlin,52.52,13.405,28
2023-10-17T06:01:48Z,France,Paris,48.8566,2.3522,66
2023-11-30T18:38:28Z,South Africa,Cape Town,-33.9249,18.4241,17
2023-01-17T20:24:01Z,France,Nice,43.7102,7.2619,41
2023-08-19T07:28:41Z,South Africa,Durban,-29.8587,31.0218,92
2023-08-08T02:35:41Z,France,Paris,48.8566,2.3522,10
2023-11-22T10:40:36Z,South Africa,Port Elizabeth,-33.9608,25.6022,37
2023-06-09T17:47:25Z,India,Delhi,28.7041,77.1025,69
2023-01-29T15:21:48Z,France,Nice,43.7102,7.2619,94
2023-06-20T05:14:50Z,Brazil,Brasilia,-15.7801,-47.9292,19
2023-04-30T18:47:28Z,India,Hyderabad,17.385,78.4867,5
2023-12-09T03:19:33Z,Russia,Yekaterinburg,56.8389,60.6122,76
2023-09-28T17:30:40Z,Germany,Hamburg,53.5511,9.9937,41
2023-07-23T04:14:39Z,Canada,Toronto,43.6532,-79.3832,6
2023-09-17T10:52:56Z,USA,Phoenix,33.4484,-112.074,44
2023-01-19T19:03:26Z,South Africa,Durban,-29.8587,31.0218,46
2023-05-26T11:06:32Z,Brazil,Sao Paulo,-23.5505,-46.6333,92
2023-01-13T13:35:37Z,UK,Glasgow,55.8642,-4.2518,99
2023-05-21T13:29:37Z,Germany,Berlin,52.52,13.405,70
2023-07-01T04:18:47Z,UK,Birmingham,52.4862,-1.8904,7
2023-04-14T15:49:43Z,USA,Los Angeles,34.0522,-118.2437,5
2023-11-20T20:29:52Z,Russia,Saint Petersburg,59.9343,30.3351,65
2023-11-30T07:50:30Z,Russia,Moscow,55.7558,37.6173,89
2023-10-21T06:00:45Z,Australia,Perth,-31.9505,115.8575,5
2023-04-26T04:00:59Z,France,Nice,43.7102,7.2619,53
2023-08-27T21:04:44Z,Japan,Sapporo,43.0621,141.3545,54
2023-12-31T02:50:45Z,India,Hyderabad,17.385,78.4867,65
2023-10-27T12:32:52Z,Brazil,Fortaleza,-3.7172,-38.5267,44
2023-11-04T23:37:18Z,Russia,Yekaterinburg,56.8389,60.6122,54
2023-05-14T03:37:11Z,Canada,Toronto,43.6532,-79.3832,35
2023-02-19T07:20:11Z,Australia,Melbourne,-37.8136,144.9631,77
2023-01-21T03:45:12Z,Canada,Montreal,45.5017,-73.5673,91
2023-11-15T09:56:53Z,Australia,Perth,-31.9505,115.8575,71
2023-05-14T19:27:45Z,France,Marseille,43.2965,5.3698,80
2023-06-07T03:23:18Z,Japan,Sapporo,43.0621,141.3545,34
2023-10-11T16:44:48Z,Brazil,Sao Paulo,-23.5505,-46.6333,23
2023-01-14T16:02:02Z,Japan,Osaka,34.6937,135.5022,28
2023-01-29T03:28:43Z,Germany,Munich,48.1351,11.582,79
2023-07-11T06:11:07Z,France,Paris,48.8566,2.3522,82
2023-10-10T15:01:48Z,France,Marseille,43.2965,5.3698,26
2023-02-06T17:42:31Z,Australia,Brisbane,-27.4698,153.0251,59
2023-05-07T01:15:17Z,Australia,Perth,-31.9505,115.8575,63
2023-04-14T09:57:58Z,France,Toulouse,43.6047,1.4442,25
2023-06-17T07:30:49Z,India,Mumbai,19.076,72.8777,26
2023-03-28T10:28:17Z,Japan,Fukuoka,33.5904,130.4017,74
2023-05-18T06:19:05Z,South Africa,Cape Town,-33.9249,18.4241,81
2023-07-20T12:58:28Z,Australia,Melbourne,-37.8136,144.9631,34
2023-12-11T19:37:17Z,Russia,Novosibirsk,55.0084,82.9204,54
2023-03-01T05:36:19Z,Australia,Adelaide,-34.9285,138.6007,44
2023-10-01T12:50:12Z,France,Toulouse,43.6047,1.4442,79
2023-04-07T09:59:24Z,Australia,Melbourne,-37.8136,144.9631,98
2023-10-16T01:42:08Z,UK,London,51.5074,-0.1276,59
2023-09-20T20:50:28Z,Japan,Tokyo,35.6895,139.6917,33
2023-03-09T01:01:17Z,South Africa,Durban,-29.8587,31.0218,80
2023-01-13T23:13:32Z,Japan,Fukuoka,33.5904,130.4017,32
2023-05-25T11:14:43Z,France,Nice,43.7102,7.2619,19
2023-01-17T02:36:07Z,Germany,Berlin,52.52,13.405,75
2023-01-04T15:44:57Z,India,Chennai,13.0827,80.2707,4
2023-09-11T12:10:13Z,South Africa,Durban,-29.8587,31.0218,17
2023-08-10T08:33:47Z,Brazil,Sao Paulo,-23.5505,-46.6333,49
2023-07-22T16:32:14Z,Australia,Brisbane,-27.4698,153.0251,42
2023-11-01T05:05:01Z,UK,Glasgow,55.8642,-4.2518,96
2023-03-22T21:01:58Z,Brazil,Sao Paulo,-23.5505,-46.6333,44
2023-02-13T11:24:43Z,France,Lyon,45.764,4.8357,42
2023-09-14T08:48:14Z,France,Lyon,45.764,4.8357,86
2023-04-08T12:00:46Z,USA,Phoenix,33.4484,-112.074,3
2023-04-10T14:26:42Z,France,Nice,43.7102,7.2619,71
2023-04-06T21:05:25Z,USA,Houston,29.7604,-95.3698,78
2023-07-12T03:03:58Z,Canada,Vancouver,49.2827,-123.1216,39
2023-05-28T13:07:18Z,South Africa,Port Elizabeth,-33.9608,25.6022,86
2023-02-27T04:57:43Z,Brazil,Salvador,-12.9714,-38.5014,28
2023-02-12T20:24:35Z,France,Paris,48.8566,2.3522,66
2023-09-06T22:18:34Z,UK,Birmingham,52.4862,-1.8904,92
2023-12-22T17:25:27Z,Russia,Novosibirsk,55.0084,82.9204,57
2023-04-08T22:24:40Z,Brazil,Brasilia,-15.7801,-47.9292,26
2023-12-27T17:49:43Z,France,Nice,43.7102,7.2619,42
2023-09-08T06:24:30Z,South Africa,Port Elizabeth,-33.9608,25.6022,50
2023-01-04T19:20:34Z,India,Bangalore,12.9716,77.5946,89
2023-03-23T18:13:27Z,UK,Leeds,53.8008,-1.5491,84
2023-07-08T04:59:12Z,India,Mumbai,19.076,72.8777,50
2023-09-26T20:37:13Z,Brazil,Brasilia,-15.7801,-47.9292,33
2023-10-26T17:52:32Z,Brazil,Brasilia,-15.7801,-47.9292,12
2023-04-09T21:25:45Z,Brazil,Brasilia,-15.7801,-47.9292,71
2023-12-11T10:25:10Z,Canada,Montreal,45.5017,-73.5673,51
2023-01-08T19:12:59Z,Brazil,Salvador,-12.9714,-38.5014,38
2023-10-08T23:03:21Z,India,Bangalore,12.9716,77.5946,22
2023-04-06T21:53:36Z,Canada,Calgary,51.0447,-114.0719,82
2023-04-18T14:36:20Z,India,Delhi,28.7041,77.1025,82
2023-04-21T01:16:19Z,Australia,Brisbane,-27.4698,153.0251,70
2023-03-26T06:47:57Z,Japan,Tokyo,35.6895,139.6917,4
2023-06-01T09:14:34Z,Japan,Osaka,34.6937,135.5022,15
2023-07-22T01:13:50Z,France,Marseille,43.2965,5.3698,83
2023-03-21T13:21:06Z,Germany,Munich,48.1351,11.582,39
2023-12-03T00:57:19Z,Russia,Saint Petersburg,59.9343,30.3351,98
2023-03-13T01:56:23Z,Australia,Adelaide,-34.9285,138.6007,59
2023-08-10T19:42:48Z,USA,Phoenix,33.4484,-112.074,35
2023-02-27T16:50:41Z,Australia,Brisbane,-27.4698,153.0251,27
2023-11-11T04:38:29Z,Canada,Calgary,51.0447,-114.0719,44
2023-01-20T13:20:21Z,USA,Houston,29.7604,-95.3698,91
2023-05-20T21:36:41Z,USA,Chicago,41.8781,-87.6298,44
2023-12-30T06:35:23Z,Russia,Saint Petersburg,59.9343,30.3351,55
2023-12-23T01:57:49Z,Russia,Saint Petersburg,59.9343,30.3351,50
2023-03-24T03:59:24Z,Germany,Berlin,52.52,13.405,3
2023-11-10T14:14:53Z,Brazil,Sao Paulo,-23.5505,-46.6333,77
2023-12-05T05:05:01Z,Russia,Kazan,55.8304,49.1221,99
2023-11-25T03:18:31Z,Brazil,Salvador,-12.9714,-38.5014,75
2023-05-28T21:36:51Z,Japan,Sapporo,43.0621,141.3545,90
2023-11-10T19:00:56Z,Russia,Moscow,55.7558,37.6173,35
2023-10-03T14:22:00Z,Japan,Osaka,34.6937,135.5022,15
2023-08-10T02:41:15Z,UK,Birmingham,52.4862,-1.8904,50
2023-08-13T18:16:55Z,Japan,Fukuoka,33.5904,130.4017,73
2023-06-03T14:28:36Z,France,Marseille,43.2965,5.3698,6
2023-07-12T23:35:36Z,South Africa,Port Elizabeth,-33.9608,25.6022,48
2023-10-10T15:42:02Z,Japan,Nagoya,35.1815,136.9066,28
2023-02-16T17:46:20Z,Germany,Berlin,52.52,13.405,16
2023-12-05T08:01:36Z,UK,Leeds,53.8008,-1.5491,4
2023-02-08T18:05:11Z,Brazil,Sao Paulo,-23.5505,-46.6333,59
2023-08-06T22:25:45Z,USA,Chicago,41.8781,-87.6298,60
2023-11-10T06:50:49Z,Russia,Saint Petersburg,59.9343,30.3351,72
2023-01-16T20:36:55Z,South Africa,Durban,-29.8587,31.0218,29
2023-02-05T22:47:13Z,Australia,Perth,-31.9505,115.8575,25
2023-11-07T19:19:22Z,Brazil,Brasilia,-15.7801,-47.9292,93
2023-04-29T21:53:56Z,Germany,Berlin,52.52,13.405,61
2023-12-28T17:10:46Z,France,Nice,43.7102,7.2619,20
2023-12-14T23:20:43Z,Russia,Yekaterinburg,56.8389,60.6122,54
2023-10-08T10:51:59Z,South Africa,Durban,-29.8587,31.0218,42
2023-02-22T06:59:13Z,Germany,Hamburg,53.5511,9.9937,71
2023-11-23T08:43:59Z,Russia,Kazan,55.8304,49.1221,3
2023-05-15T10:57:08Z,Brazil,Fortaleza,-3.7172,-38.5267,9
2023-11-30T00:56:37Z,Russia,Kazan,55.8304,49.1221,81
2023-05-17T13:46:56Z,Japan,Fukuoka,33.5904,130.4017,81
2023-07-11T10:57:50Z,Brazil,Fortaleza,-3.7172,-38.5267,89
2023-11-01T18:13:54Z,Germany,Cologne,50.9375,6.9603,74
2023-11-09T06:03:00Z,Canada,Calgary,51.0447,-114.0719,12
2023-11-11T06:01:15Z,Russia,Novosibirsk,55.0084,82.9204,90
2023-02-15T22:31:44Z,Canada,Ottawa,45.4215,-75.6972,98
2023-10-15T12:44:54Z,Japan,Fukuoka,33.5904,130.4017,40
2023-02-09T03:45:46Z,Germany,Munich,48.1351,11.582,86
2023-12-30T00:56:15Z,Russia,Kazan,55.8304,49.1221,92
2023-10-17T04:21:48Z,USA,New York,40.7128,-74.006,57
2023-09-27T02:41:01Z,Japan,Tokyo,35.6895,139.6917,33
2023-10-29T06:38:55Z,Australia,Melbourne,-37.8136,144.9631,55
2023-04-03T23:32:15Z,Japan,Sapporo,43.0621,141.3545,87
2023-03-22T14:59:12Z,Australia,Melbourne,-37.8136,144.9631,45
2023-03-29T02:33:25Z,India,Hyderabad,17.385,78.4867,11
2023-09-09T00:30:59Z,South Africa,Pretoria,-25.7479,28.2293,9
2023-12-11T12:58:28Z,Germany,Cologne,50.9375,6.9603,67
2023-07-04T22:02:04Z,South Africa,Cape Town,-33.9249,18.4241,10
2023-01-27T08:45:29Z,India,Chennai,13.0827,80.2707,39
2023-06-11T10:03:33Z,USA,Los Angeles,34.0522,-118.2437,54
2023-06-22T08:12:24Z,Germany,Munich,48.1351,11.582,81
2023-01-07T02:18:13Z,USA,Phoenix,33.4484,-112.074,45
2023-06-30T17:05:27Z,USA,Phoenix,33.4484,-112.074,68
2023-07-03T08:52:36Z,UK,Leeds,53.8008,-1.5491,85
2023-02-03T01:52:14Z,Brazil,Rio de Janeiro,-22.9068,-43.1729,72
2023-07-23T07:11:20Z,UK,Birmingham,52.4862,-1.8904,87
2023-11-03T02:56:55Z,Canada,Vancouver,49.2827,-123.1216,68
2023-06-13T21:10:23Z,India,Delhi,28.7041,77.1025,50
2023-06-15T22:46:41Z,Japan,Sapporo,43.0621,141.3545,76
2023-10-20T14:11:24Z,Brazil,Fortaleza,-3.7172,-38.5267,56
2023-11-20T06:54:32Z,Russia,Kazan,55.8304,49.1221,38
2023-03-25T10:39:08Z,Canada,Ottawa,45.4215,-75.6972,63
2023-04-21T16:32:54Z,Canada,Ottawa,45.4215,-75.6972,19
2023-03-01T09:21:14Z,USA,Houston,29.7604,-95.3698,53
2023-09-18T05:24:18Z,Brazil,Salvador,-12.9714,-38.5014,31
2023-09-26T08:05:02Z,Brazil,Brasilia,-15.7801,-47.9292,51
2023-12-25T17:03:03Z,South Africa,Johannesburg,-26.2041,28.0473,55
2023-02-12T18:04:21Z,South Africa,Port Elizabeth,-33.9608,25.6022,73
2023-06-28T22:27:13Z,France,Lyon,45.764,4.8357,6
2023-11-04T18:03:21Z,France,Paris,48.8566,2.3522,26
2023-01-23T20:42:11Z,Germany,Berlin,52.52,13.405,15
2023-08-26T15:05:15Z,Japan,Osaka,34.6937,135.5022,3
2023-08-13T13:28:53Z,Australia,Adelaide,-34.9285,138.6007,30
2023-06-03T08:20:02Z,Brazil,Fortaleza,-3.7172,-38.5267,72
2023-08-20T05:46:48Z,USA,Phoenix,33.4484,-112.074,62
2023-02-20T17:43:26Z,Brazil,Fortaleza,-3.7172,-38.5267,68
2023-12-18T21:03:53Z,South Africa,Cape Town,-33.9249,18.4241,15
2023-11-11T01:17:26Z,UK,Leeds,53.8008,-1.5491,35
2023-02-22T19:20:04Z,Japan,Sapporo,43.0621,141.3545,51
2023-10-08T20:44:15Z,South Africa,Johannesburg,-26.2041,28.0473,27
2023-09-17T21:26:53Z,India,Mumbai,19.076,72.8777,72
2023-09-30T13:50:41Z,USA,Chicago,41.8781,-87.6298,71
2023-06-10T17:57:12Z,Germany,Hamburg,53.5511,9.9937,60
2023-08-18T23:46:23Z,USA,Phoenix,33.4484,-112.074,28
2023-09-13T20:20:24Z,India,Bangalore,12.9716,77.5946,92
2023-08-06T01:27:16Z,India,Hyderabad,17.385,78.4867,85
2023-07-31T14:55:21Z,UK,Manchester,53.4808,-2.2426,57
2023-04-13T02:37:17Z,Brazil,Rio de Janeiro,-22.9068,-43.1729,28
2023-12-30T23:55:34Z,Russia,Kazan,55.8304,49.1221,50
2023-12-25T23:09:27Z,Russia,Kazan,55.8304,49.1221,74
2023-05-22T17:46:42Z,USA,Los Angeles,34.0522,-118.2437,23
2023-04-13T19:40:12Z,Germany,Cologne,50.9375,6.9603,77
2023-06-15T17:48:17Z,India,Mumbai,19.076,72.8777,73
2023-04-02T04:33:21Z,USA,Houston,29.7604,-95.3698,87
2023-10-16T06:08:34Z,USA,New York,40.7128,-74.006,61
2023-12-19T23:43:03Z,Japan,Fukuoka,33.5904,130.4017,95
2023-10-29T15:05:32Z,USA,New York,40.7128,-74.006,68
2023-08-23T02:11:37Z,Australia,Sydney,-33.8688,151.2093,68
2023-11-15T19:44:23Z,Russia,Moscow,55.7558,37.6173,94
2023-06-10T17:19:58Z,South Africa,Port Elizabeth,-33.9608,25.6022,27
2023-07-20T07:48:02Z,South Africa,Pretoria,-25.7479,28.2293,66
2023-06-18T02:29:49Z,UK,Glasgow,55.8642,-4.2518,95
2023-09-27T19:11:12Z,UK,Birmingham,52.4862,-1.8904,35
2023-09-12T22:10:35Z,India,Delhi,28.7041,77.1025,21
2023-12-22T04:47:10Z,Russia,Novosibirsk,55.0084,82.9204,6
2023-10-21T15:41:55Z,South Africa,Port Elizabeth,-33.9608,25.6022,59
2023-03-10T14:14:06Z,Germany,Cologne,50.9375,6.9603,58
2023-07-07T14:13:24Z,Australia,Adelaide,-34.9285,138.6007,14
2023-02-11T04:59:38Z,UK,Manchester,53.4808,-2.2426,93
2023-10-16T04:13:01Z,India,Chennai,13.0827,80.2707,14
2023-10-14T06:27:49Z,Germany,Berlin,52.52,13.405,49
2023-05-19T12:08:20Z,Brazil,Salvador,-12.9714,-38.5014,26
2023-12-15T00:45:18Z,Japan,Osaka,34.6937,135.5022,44
2023-06-18T11:21:12Z,Canada,Ottawa,45.4215,-75.6972,27
2023-12-27T02:03:15Z,India,Bangalore,12.9716,77.5946,55
2023-01-07T10:36:07Z,Canada,Toronto,43.6532,-79.3832,86
2023-06-27T14:09:15Z,Brazil,Sao Paulo,-23.5505,-46.6333,33
2023-09-12T05:21:54Z,South Africa,Port Elizabeth,-33.9608,25.6022,9
2023-10-20T18:26:56Z,Germany,Cologne,50.9375,6.9603,81
2023-09-02T14:45:19Z,UK,Glasgow,55.8642,-4.2518,44
2023-04-12T08:10:10Z,Brazil,Rio de Janeiro,-22.9068,-43.1729,50
2023-11-08T00:08:23Z,India,Mumbai,19.076,72.8777,58
2023-12-09T17:14:05Z,South Africa,Port Elizabeth,-33.9608,25.6022,86
2023-09-05T22:04:26Z,UK,Manchester,53.4808,-2.2426,16
2023-06-27T17:31:21Z,Germany,Hamburg,53.5511,9.9937,69
2023-05-15T14:34:58Z,Germany,Munich,48.1351,11.582,24
2023-06-24T16:54:05Z,Brazil,Salvador,-12.9714,-38.5014,11
2023-01-14T14:50:34Z,USA,Chicago,41.8781,-87.6298,74
2023-08-31T13:13:37Z,France,Nice,43.7102,7.2619,23
2023-12-22T14:53:18Z,Russia,Yekaterinburg,56.8389,60.6122,89
2023-02-27T18:34:12Z,Brazil,Sao Paulo,-23.5505,-46.6333,2
2023-11-19T21:32:46Z,Russia,Novosibirsk,55.0084,82.9204,75
2023-12-07T20:17:20Z,Russia,Novosibirsk,55.0084,82.9204,46
2023-12-07T13:52:34Z,Japan,Sapporo,43.0621,141.3545,15
2023-06-03T18:09:46Z,India,Bangalore,12.9716,77.5946,23
2023-04-15T15:52:35Z,India,Chennai,13.0827,80.2707,57
2023-12-11T15:25:14Z,Russia,Kazan,55.8304,49.1221,3
2023-03-28T09:38:29Z,Canada,Calgary,51.0447,-114.0719,62
2023-12-28T15:31:02Z,Germany,Munich,48.1351,11.582,28
2023-11-20T07:36:13Z,Russia,Saint Petersburg,59.9343,30.3351,34
2023-11-12T18:35:05Z,Canada,Toronto,43.6532,-79.3832,69
2023-08-07T05:42:21Z,Canada,Vancouver,49.2827,-123.1216,21
2023-08-23T14:56:55Z,USA,Los Angeles,34.0522,-118.2437,79
2023-06-20T16:47:59Z,UK,Leeds,53.8008,-1.5491,36
2023-06-16T08:11:51Z,Brazil,Rio de Janeiro,-22.9068,-43.1729,59
2023-06-20T03:19:21Z,Australia,Adelaide,-34.9285,138.6007,12
2023-08-01T23:44:39Z,Japan,Tokyo,35.6895,139.6917,57
2023-06-01T13:56:24Z,France,Lyon,45.764,4.8357,97
2023-12-15T22:25:35Z,Japan,Osaka,34.6937,135.5022,47
2023-07-19T18:37:39Z,Germany,Frankfurt,50.1109,8.6821,52
2023-12-28T13:25:52Z,Russia,Novosibirsk,55.0084,82.9204,13
2023-05-19T12:03:40Z,France,Lyon,45.764,4.8357,77
2023-06-29T00:12:53Z,Japan,Sapporo,43.0621,141.3545,63
2023-05-14T05:09:32Z,USA,Phoenix,33.4484,-112.074,58
2023-03-11T08:47:48Z,France,Nice,43.7102,7.2619,44
2023-10-14T10:42:19Z,France,Toulouse,43.6047,1.4442,22
2023-10-22T23:09:53Z,Brazil,Sao Paulo,-23.5505,-46.6333,11
2023-10-02T16:14:24Z,Canada,Montreal,45.5017,-73.5673,63
2023-09-19T02:38:22Z,India,Bangalore,12.9716,77.5946,34
2023-02-13T08:20:02Z,France,Toulouse,43.6047,1.4442,55
2023-09-09T20:15:55Z,France,Lyon,45.764,4.8357,65
2023-09-28T15:22:57Z,Japan,Fukuoka,33.5904,130.4017,40
2023-10-31T03:29:19Z,Germany,Berlin,52.52,13.405,8
2023-06-05T14:05:00Z,UK,Manchester,53.4808,-2.2426,13
2023-01-05T00:19:28Z,France,Toulouse,43.6047,1.4442,97
2023-11-25T18:36:39Z,Australia,Brisbane,-27.4698,153.0251,22
2023-10-06T01:45:57Z,France,Marseille,43.2965,5.3698,37
2023-10-28T02:29:24Z,USA,Houston,29.7604,-95.3698,88
2023-09-06T00:00:19Z,Japan,Sapporo,43.0621,141.3545,38
2023-09-18T06:34:23Z,South Africa,Johannesburg,-26.2041,28.0473,80
2023-12-28T08:18:27Z,South Africa,Durban,-29.8587,31.0218,84
2023-11-23T12:29:53Z,Russia,Moscow,55.7558,37.6173,41
2023-09-24T08:37:32Z,Canada,Vancouver,49.2827,-123.1216,85
2023-01-12T03:59:53Z,Canada,Calgary,51.0447,-114.0719,2
2023-10-03T22:34:41Z,Germany,Cologne,50.9375,6.9603,98
2023-11-06T17:12:13Z,Russia,Novosibirsk,55.0084,82.9204,42
2023-05-07T11:49:39Z,Canada,Calgary,51.0447,-114.0719,34
2023-11-28T19:12:43Z,Russia,Moscow,55.7558,37.6173,15
2023-04-19T14:50:35Z,UK,Birmingham,52.4862,-1.8904,91
2023-07-14T02:10:54Z,Japan,Tokyo,35.6895,139.6917,79
2023-12-23T14:49:45Z,France,Nice,43.7102,7.2619,94
2023-05-29T13:54:37Z,Brazil,Salvador,-12.9714,-38.5014,47
2023-03-28T20:22:50Z,UK,Birmingham,52.4862,-1.8904,50
2023-04-12T19:13:53Z,Brazil,Sao Paulo,-23.5505,-46.6333,45
2023-12-12T01:29:46Z,Germany,Berlin,52.52,13.405,60
2023-08-08T06:33:27Z,Australia,Sydney,-33.8688,151.2093,88
2023-05-03T17:24:48Z,Japan,Sapporo,43.0621,141.3545,35
2023-04-17T06:18:29Z,France,Paris,48.8566,2.3522,62
2023-10-06T00:33:27Z,Germany,Cologne,50.9375,6.9603,6
2023-01-08T20:02:01Z,Brazil,Rio de Janeiro,-22.9068,-43.1729,90
2023-05-14T21:22:47Z,Australia,Sydney,-33.8688,151.2093,74
2023-06-22T05:56:04Z,Canada,Calgary,51.0447,-114.0719,31
2023-07-15T04:02:02Z,Germany,Frankfurt,50.1109,8.6821,16
2023-10-11T05:04:42Z,South Africa,Port Elizabeth,-33.9608,25.6022,51
2023-10-05T22:09:01Z,Brazil,Salvador,-12.9714,-38.5014,96
2023-09-12T18:50:44Z,USA,Houston,29.7604,-95.3698,87
2023-03-21T07:22:56Z,Japan,Sapporo,43.0621,141.3545,37
2023-10-06T02:14:19Z,Australia,Brisbane,-27.4698,153.0251,74
2023-08-18T00:05:46Z,Canada,Vancouver,49.2827,-123.1216,45
2023-10-16T11:36:51Z,Australia,Perth,-31.9505,115.8575,67
2023-12-20T17:33:27Z,Brazil,Salvador,-12.9714,-38.5014,56
2023-02-05T05:21:06Z,Australia,Perth,-31.9505,115.8575,71
2023-05-30T05:01:17Z,India,Delhi,28.7041,77.1025,91
2023-06-26T01:35:13Z,Canada,Toronto,43.6532,-79.3832,95
2023-04-21T00:03:46Z,Canada,Calgary,51.0447,-114.0719,64
2023-08-04T05:06:33Z,Brazil,Fortaleza,-3.7172,-38.5267,100
2023-11-16T02:00:10Z,Russia,Yekaterinburg,56.8389,60.6122,5
2023-04-07T06:19:27Z,France,Paris,48.8566,2.3522,84
2023-12-22T05:40:49Z,USA,Phoenix,33.4484,-112.074,1
2023-03-19T12:09:29Z,Japan,Sapporo,43.0621,141.3545,61
2023-09-08T01:58:50Z,UK,Birmingham,52.4862,-1.8904,36
2023-08-02T19:16:51Z,Brazil,Salvador,-12.9714,-38.5014,9
2023-08-10T13:13:32Z,Brazil,Fortaleza,-3.7172,-38.5267,83
2023-04-05T00:39:28Z,USA,New York,40.7128,-74.006,46
2023-10-16T12:12:50Z,India,Bangalore,12.9716,77.5946,89
2023-06-08T00:43:23Z,Canada,Calgary,51.0447,-114.0719,66
2023-02-26T22:33:38Z,South Africa,Johannesburg,-26.2041,28.0473,93
2023-07-03T19:08:37Z,Germany,Frankfurt,50.1109,8.6821,65
2023-12-04T08:42:38Z,Brazil,Sao Paulo,-23.5505,-46.6333,23
2023-10-10T17:38:34Z,Japan,Osaka,34.6937,135.5022,89
2023-03-28T12:52:37Z,Brazil,Brasilia,-15.7801,-47.9292,2
2023-10-13T15:00:58Z,India,Hyderabad,17.385,78.4867,87
2023-01-08T22:45:34Z,Japan,Sapporo,43.0621,141.3545,40
2023-02-12T16:39:47Z,UK,Leeds,53.8008,-1.5491,79
2023-01-15T20:36:48Z,USA,Houston,29.7604,-95.3698,18
2023-08-12T01:02:03Z,Canada,Vancouver,49.2827,-123.1216,85
2023-01-18T01:19:52Z,UK,London,51.5074,-0.1276,93
2023-01-14T07:18:59Z,Canada,Montreal,45.5017,-73.5673,10
2023-03-07T09:34:10Z,Japan,Sapporo,43.0621,141.3545,3
2023-09-20T15:32:50Z,USA,Houston,29.7604,-95.3698,69
2023-07-31T22:40:47Z,Germany,Cologne,50.9375,6.9603,97
2023-12-20T15:53:53Z,Russia,Moscow,55.7558,37.6173,11
2023-02-06T17:36:10Z,Canada,Ottawa,45.4215,-75.6972,34
2023-02-05T04:52:16Z,South Africa,Port Elizabeth,-33.9608,25.6022,53
2023-04-18T07:59:00Z,Canada,Montreal,45.5017,-73.5673,23
2023-01-15T20:56:41Z,Japan,Osaka,34.6937,135.5022,16
2023-05-30T15:49:40Z,Germany,Hamburg,53.5511,9.9937,58
2023-12-20T09:38:23Z,USA,Los Angeles,34.0522,-118.2437,42
2023-08-05T23:53:44Z,Brazil,Rio de Janeiro,-22.9068,-43.1729,36
2023-09-10T15:03:08Z,Australia,Brisbane,-27.4698,153.0251,90
2023-03-03T11:43:21Z,France,Toulouse,43.6047,1.4442,81
2023-10-25T21:40:53Z,Brazil,Rio de Janeiro,-22.9068,-43.1729,30
2023-01-25T05:09:31Z,Brazil,Salvador,-12.9714,-38.5014,27
2023-02-26T18:07:23Z,Japan,Fukuoka,33.5904,130.4017,37
2023-01-15T18:38:23Z,UK,London,51.5074,-0.1276,27
2023-04-20T21:11:39Z,Brazil,Fortaleza,-3.7172,-38.5267,21
2023-10-09T13:14:48Z,France,Lyon,45.764,4.8357,89
2023-12-04T09:37:18Z,USA,Houston,29.7604,-95.3698,86
2023-05-04T08:55:03Z,Japan,Fukuoka,33.5904,130.4017,38
2023-06-16T15:40:17Z,UK,London,51.5074,-0.1276,99
2023-11-29T19:23:44Z,Russia,Kazan,55.8304,49.1221,49
2023-07-17T09:48:27Z,Canada,Montreal,45.5017,-73.5673,67
2023-03-17T13:33:46Z,Japan,Nagoya,35.1815,136.9066,87
2023-03-15T10:46:36Z,UK,Leeds,53.8008,-1.5491,29
2023-12-20T15:09:52Z,USA,Chicago,41.8781,-87.6298,5
2023-04-07T19:39:05Z,Canada,Montreal,45.5017,-73.5673,34
2023-08-11T00:03:43Z,Australia,Melbourne,-37.8136,144.9631,1
2023-06-10T16:20:47Z,South Africa,Durban,-29.8587,31.0218,46
2023-10-13T21:11:04Z,France,Toulouse,43.6047,1.4442,95
2023-06-09T04:58:22Z,Germany,Hamburg,53.5511,9.9937,35
2023-07-25T14:57:36Z,Germany,Munich,48.1351,11.582,62
2023-08-04T05:08:18Z,France,Marseille,43.2965,5.3698,71
2023-03-27T23:34:11Z,Germany,Munich,48.1351,11.582,71
2023-12-06T09:25:07Z,Russia,Saint Petersburg,59.9343,30.3351,41
2023-02-21T06:39:28Z,Japan,Fukuoka,33.5904,130.4017,1
2023-08-16T01:36:33Z,Canada,Montreal,45.5017,-73.5673,82
2023-12-13T21:12:45Z,Canada,Montreal,45.5017,-73.5673,53
2023-06-18T05:39:37Z,UK,Leeds,53.8008,-1.5491,49
2023-09-30T16:41:01Z,Australia,Adelaide,-34.9285,138.6007,93
2023-04-09T00:37:54Z,Brazil,Salvador,-12.9714,-38.5014,90
2023-08-19T22:26:27Z,Australia,Sydney,-33.8688,151.2093,20
2023-05-23T06:39:12Z,UK,Glasgow,55.8642,-4.2518,22
2023-03-16T09:50:50Z,France,Paris,48.8566,2.3522,15
2023-04-19T21:17:56Z,UK,Manchester,53.4808,-2.2426,94
2023-12-30T01:06:51Z,Russia,Novosibirsk,55.0084,82.9204,83
2023-11-17T04:17:34Z,Russia,Saint Petersburg,59.9343,30.3351,11
2023-12-05T07:30:59Z,Russia,Novosibirsk,55.0084,82.9204,48
2023-06-06T07:31:42Z,France,Marseille,43.2965,5.3698,19
2023-03-05T16:54:32Z,South Africa,Johannesburg,-26.2041,28.0473,55
2023-11-22T01:43:18Z,Russia,Yekaterinburg,56.8389,60.6122,41
2023-03-01T05:01:58Z,France,Paris,48.8566,2.3522,55
2023-12-14T13:53:27Z,Russia,Saint Petersburg,59.9343,30.3351,89
2023-12-11T00:29:17Z,France,Nice,43.7102,7.2619,19
2023-03-14T06:19:39Z,Canada,Ottawa,45.4215,-75.6972,13
2023-01-26T06:30:48Z,Australia,Perth,-31.9505,115.8575,65
2023-11-05T02:08:15Z,Brazil,Salvador,-12.9714,-38.5014,88
2023-04-02T18:17:27Z,Brazil,Fortaleza,-3.7172,-38.5267,3
2023-09-26T01:25:41Z,UK,Manchester,53.4808,-2.2426,8
2023-04-13T01:17:00Z,Germany,Munich,48.1351,11.582,90
2023-04-17T02:33:49Z,Japan,Sapporo,43.0621,141.3545,73
2023-07-27T16:50:15Z,Brazil,Salvador,-12.9714,-38.5014,63
2023-07-16T05:57:03Z,Germany,Hamburg,53.5511,9.9937,14
2023-06-15T02:23:35Z,Canada,Ottawa,45.4215,-75.6972,56
2023-04-07T06:55:47Z,Germany,Frankfurt,50.1109,8.6821,39
2023-10-28T22:49:38Z,USA,Los Angeles,34.0522,-118.2437,89
2023-11-16T01:50:50Z,Canada,Calgary,51.0447,-114.0719,3
2023-05-19T16:37:41Z,South Africa,Pretoria,-25.7479,28.2293,59
2023-01-20T11:16:27Z,Australia,Adelaide,-34.9285,138.6007,17
2023-12-07T07:53:00Z,Brazil,Salvador,-12.9714,-38.5014,53
2023-06-03T14:44:33Z,Canada,Calgary,51.0447,-114.0719,86
2023-06-09T21:25:01Z,Australia,Adelaide,-34.9285,138.6007,95
2023-07-03T06:48:06Z,India,Bangalore,12.9716,77.5946,96
2023-03-13T13:06:16Z,France,Marseille,43.2965,5.3698,26
2023-12-17T03:49:09Z,France,Paris,48.8566,2.3522,3
2023-07-11T11:55:03Z,France,Marseille,43.2965,5.3698,6
2023-02-02T12:43:09Z,Germany,Hamburg,53.5511,9.9937,85
2023-06-27T10:31:45Z,South Africa,Pretoria,-25.7479,28.2293,17
2023-05-02T09:39:53Z,Germany,Hamburg,53.5511,9.9937,48
2023-10-12T02:23:59Z,Brazil,Rio de Janeiro,-22.9068,-43.1729,65
2023-09-10T07:24:08Z,Germany,Berlin,52.52,13.405,37
2023-06-08T22:14:05Z,France,Paris,48.8566,2.3522,77
2023-12-30T17:08:41Z,Germany,Cologne,50.9375,6.9603,47
2023-09-26T19:16:17Z,France,Marseille,43.2965,5.3698,93
2023-06-11T09:19:14Z,France,Nice,43.7102,7.2619,58
2023-03-05T03:59:14Z,Japan,Fukuoka,33.5904,130.4017,51
2023-08-17T03:32:29Z,Brazil,Rio de Janeiro,-22.9068,-43.1729,45
2023-09-03T00:56:21Z,Brazil,Rio de Janeiro,-22.9068,-43.1729,29
2023-09-29T10:16:36Z,Japan,Osaka,34.6937,135.5022,28
2023-12-26T06:05:26Z,Germany,Frankfurt,50.1109,8.6821,8
2023-03-25T18:34:32Z,France,Marseille,43.2965,5.3698,94
2023-10-05T23:28:50Z,USA,New York,40.7128,-74.006,20
2023-07-04T12:17:36Z,Brazil,Rio de Janeiro,-22.9068,-43.1729,26
2023-09-23T16:45:46Z,Brazil,Rio de Janeiro,-22.9068,-43.1729,2
2023-09-16T09:21:08Z,UK,Manchester,53.4808,-2.2426,60
2023-08-01T20:13:34Z,France,Toulouse,43.6047,1.4442,8
2023-08-10T00:11:45Z,USA,Houston,29.7604,-95.3698,34
2023-04-12T23:42:24Z,Germany,Munich,48.1351,11.582,9
2023-02-26T03:18:03Z,UK,London,51.5074,-0.1276,1
2023-06-09T17:19:53Z,USA,New York,40.7128,-74.006,84
2023-10-26T06:06:36Z,USA,Los Angeles,34.0522,-118.2437,70
2023-08-07T15:51:57Z,Germany,Frankfurt,50.1109,8.6821,44
2023-04-13T05:37:58Z,Germany,Hamburg,53.5511,9.9937,15
2023-04-19T16:23:58Z,South Africa,Pretoria,-25.7479,28.2293,28
2023-11-13T03:50:45Z,Russia,Kazan,55.8304,49.1221,29
2023-01-14T15:19:10Z,Brazil,Brasilia,-15.7801,-47.9292,35
2023-11-16T21:34:40Z,Russia,Yekaterinburg,56.8389,60.6122,84
2023-05-14T17:34:17Z,Australia,Adelaide,-34.9285,138.6007,81
2023-08-06T11:17:59Z,Japan,Fukuoka,33.5904,130.4017,99
2023-08-02T13:54:41Z,South Africa,Pretoria,-25.7479,28.2293,88
2023-10-19T20:38:58Z,Australia,Sydney,-33.8688,151.2093,55
2023-04-26T03:11:44Z,Canada,Calgary,51.0447,-114.0719,1
2023-11-13T12:21:14Z,India,Mumbai,19.076,72.8777,40
2023-02-28T20:07:07Z,Germany,Cologne,50.9375,6.9603,90
2023-01-23T06:53:57Z,USA,Houston,29.7604,-95.3698,16
2023-01-08T03:24:22Z,Japan,Nagoya,35.1815,136.9066,44
2023-12-24T00:55:25Z,France,Nice,43.7102,7.2619,41
2023-09-05T05:16:48Z,Canada,Vancouver,49.2827,-123.1216,95
2023-07-23T02:33:47Z,Canada,Ottawa,45.4215,-75.6972,61
2023-01-28T19:12:51Z,Australia,Perth,-31.9505,115.8575,51
2023-08-15T16:59:12Z,USA,New York,40.7128,-74.006,5
2023-07-19T09:19:44Z,Brazil,Rio de Janeiro,-22.9068,-43.1729,61
2023-02-03T05:19:27Z,Australia,Adelaide,-34.9285,138.6007,68
2023-08-18T14:26:07Z,Japan,Nagoya,35.1815,136.9066,65
2023-10-10T13:13:04Z,Canada,Montreal,45.5017,-73.5673,55
2023-02-08T08:50:36Z,UK,London,51.5074,-0.1276,87
2023-03-19T06:53:39Z,India,Hyderabad,17.385,78.4867,53
2023-12-14T14:29:33Z,USA,Phoenix,33.4484,-112.074,23
2023-04-23T08:09:48Z,Canada,Montreal,45.5017,-73.5673,30
2023-12-13T04:02:36Z,Japan,Nagoya,35.1815,136.9066,26
2023-01-25T13:51:03Z,Canada,Calgary,51.0447,-114.0719,12
2023-11-21T20:53:32Z,Brazil,Rio de Janeiro,-22.9068,-43.1729,40
2023-11-11T17:23:15Z,Brazil,Fortaleza,-3.7172,-38.5267,4
2023-04-26T06:29:24Z,UK,Leeds,53.8008,-1.5491,61
2023-01-24T09:56:35Z,Germany,Frankfurt,50.1109,8.6821,69
2023-02-28T12:35:41Z,Brazil,Fortaleza,-3.7172,-38.5267,71
2023-03-23T05:21:58Z,South Africa,Pretoria,-25.7479,28.2293,71
2023-11-07T17:10:44Z,Japan,Osaka,34.6937,135.5022,33
2023-12-28T07:30:43Z,Brazil,Rio de Janeiro,-22.9068,-43.1729,58
2023-07-02T22:21:19Z,Canada,Montreal,45.5017,-73.5673,70
2023-03-10T19:25:17Z,France,Lyon,45.764,4.8357,53
2023-11-15T03:21:05Z,Russia,Yekaterinburg,56.8389,60.6122,63
2023-11-28T23:47:02Z,Russia,Moscow,55.7558,37.6173,17
2023-04-24T21:25:56Z,India,Mumbai,19.076,72.8777,64
2023-07-08T09:51:55Z,Canada,Vancouver,49.2827,-123.1216,43
2023-07-05T06:04:00Z,Australia,Perth,-31.9505,115.8575,41
